ERS010042	ERR019040
ERS123115	ERR152407
ERS010153	ERR018932
ERS040108	ERR054080
ERS010154	ERR020103
ERS123116	ERR152408
ERS164689	ERR490264,ERR484732,ERR484723,ERR216475
ERS164670	ERR490261,ERR484729,ERR484720,ERR211557
ERS164692	ERR490276,ERR216478
ERS014174	ERR023039
ERS014175	ERR023040
ERS014176	ERR023041
ERS040110	ERR054082
ERS164662	ERR211549
ERS164674	ERR211561
ERS014177	ERR023042
ERS014179	ERR027119
ERS055897	ERR111729
ERS123117	ERR152410
ERS164691	ERR216477
ERS123119	ERR152413
ERS025405	ERR039234
ERS071835	ERR123849
ERS174573	ERR216554
ERS336352	ERR388742
ERS224881	ERR490269,ERR337538
ERS224901	ERR490277,ERR337542
ERS338595	ERR386536
ERS444642	ERR586226
ERS338597	ERR490265,ERR386532
ERS338598	ERR490270,ERR386537
ERS338599	ERR386538
ERS338601	ERR490271,ERR386539
ERS338602	ERR490266,ERR386533
ERS338603	ERR490256,ERR484724,ERR484715,ERR386540
ERS338605	ERR490267,ERR386534
ERS338607	ERR490268,ERR386535
ERS338610	ERR386541
ERS338611	ERR490272,ERR386542
ERS338612	ERR490273,ERR386543
ERS338617	ERR490274,ERR386544
ERS338618	ERR490278,ERR386545
ERS338619	ERR386546
ERS338621	ERR490263,ERR484731,ERR484722,ERR386547
ERS403553	ERR527347
ERS040115	ERR054087
ERS040113	ERR054085
ERS241435	ERR337624
ERS241438	ERR337627
ERS241441	ERR337630
ERS403565	ERR527373
ERS174628	ERR221486
ERS347479	ERR426037
ERS386739	ERR490350
ERS040116	ERR054088
ERS040117	ERR054089
ERS123120	ERR152414
ERS123124	ERR152415
ERS403520	ERR527337
ERS403525	ERR527363
ERS347714	ERR426064
ERS150822	ERR490257,ERR484725,ERR484716,ERR175555
ERS150862	ERR490258,ERR484726,ERR484717,ERR175557
ERS012699	ERR022864
ERS164683	ERR216469
ERS150819	ERR175552
ERS164688	ERR216474
ERS012057	ERR020124
ERS404153	ERR527467
ERS404132	ERR527450
ERS404155	ERR527468
ERS404141	ERR527453
ERS040109	ERR054081
ERS055892	ERR111724
ERS055878	ERR111710
ERS055895	ERR111727
ERS055889	ERR111721
ERS055896	ERR111728
ERS055885	ERR111717
ERS055881	ERR111713
ERS055887	ERR111719
ERS055888	ERR111720
ERS055877	ERR111709
ERS055882	ERR111714
ERS055884	ERR111716
ERS055893	ERR111725
ERS055886	ERR111718
ERS055883	ERR111715
ERS055891	ERR111723
ERS055890	ERR111722
ERS055880	ERR111712
ERS055894	ERR111726
ERS055879	ERR111711
ERS142861	ERR164695
ERS241405	ERR337595
ERS241409	ERR337599
ERS241412	ERR337602
ERS241415	ERR337605
ERS241418	ERR337608
ERS241421	ERR337610
ERS241424	ERR337613
ERS241427	ERR337616
ERS241430	ERR337619
ERS241433	ERR337622
ERS241436	ERR337625
ERS241439	ERR337628
ERS241406	ERR337596
ERS241410	ERR337600
ERS241413	ERR337603
ERS241416	ERR337606
ERS241419	ERR337609
ERS241422	ERR337611
ERS241425	ERR337614
ERS241428	ERR337617
ERS241431	ERR337620
ERS241434	ERR337623
ERS241437	ERR337626
ERS241407	ERR337597
ERS241411	ERR337601
ERS241414	ERR337604
ERS241417	ERR337607
ERS241429	ERR337618
ERS241432	ERR337621
ERS347497	ERR426015
ERS347698	ERR404246
ERS347704	ERR426035
ERS403521	ERR527350
ERS403526	ERR527352
ERS403530	ERR527353
ERS403538	ERR527355
ERS403542	ERR527356
ERS403550	ERR527358
ERS403554	ERR527370
ERS403517	ERR527374
ERS403522	ERR527351
ERS403527	ERR527364
ERS403531	ERR527365
ERS403535	ERR527366
ERS403539	ERR527378
ERS403543	ERR527367
ERS403547	ERR527381
ERS403551	ERR527369
ERS403555	ERR527371
ERS403559	ERR527372
ERS403563	ERR527384
ERS403518	ERR527362
ERS403523	ERR527376
ERS403528	ERR527377
ERS403532	ERR527340
ERS403536	ERR527342
ERS403540	ERR527344
ERS403544	ERR527380
ERS403548	ERR527345
ERS403552	ERR527382
ERS403556	ERR527348
ERS403560	ERR527383
ERS403564	ERR527385
ERS403519	ERR527375
ERS403524	ERR527338
ERS403529	ERR527339
ERS403533	ERR527341
ERS403537	ERR527343
ERS403541	ERR527379
ERS403545	ERR527368
ERS403549	ERR527346
ERS013104	ERR023161
ERS012702	ERR022866
ERS164634	ERR490259,ERR484727,ERR484718,ERR211533
ERS012693	ERR021981
ERS012695	ERR021983
ERS012692	ERR021980
ERS012694	ERR021982
ERS164639	ERR490260,ERR484728,ERR484719,ERR211538
ERS164684	ERR490275,ERR216470
ERS164678	ERR490262,ERR484730,ERR484721,ERR211565
ERS336392	ERR388796
ERS143422	ERR175494
ERS143517	ERR171580
ERS174558	ERR216527
